"Company","Job Title","Location","Actively Recruiting Indicator","LI Job Post URL","Perform Search","Link - Search Results","Find Domain from Company Name","Domain","People Search (Find People from Java Jobs Deduped Companies Table (5 April 2024)) - 2024-04-05T15:12:38.406Z"
"BeaconFire Inc.","Java Full Stack Developer","New Jersey, United States (On-site)","","https://www.linkedin.com/jobs/view/3870575298/?eBP=NOT_ELIGIBLE_FOR_CHARGING&refId=W12djgi%2Fyqk3hOq1GoalfQ%3D%3D&trackingId=HSQiAypeCE55pN7tuZ5%2FHw%3D%3D&trk=flagship3_search_srp_jobs","https://www.linkedin.com/company/beaconfireinc (+4)","https://www.linkedin.com/company/beaconfireinc","No Result Found",,
"TomTom","Software Engineer II","Lebanon, NH (Hybrid)","1 connection works here","https://www.linkedin.com/jobs/view/3870954777/?eBP=NOT_ELIGIBLE_FOR_CHARGING&refId=W12djgi%2Fyqk3hOq1GoalfQ%3D%3D&trackingId=9HnVvDL9L6wMmWD5zVpO0A%3D%3D&trk=flagship3_search_srp_jobs","https://nl.linkedin.com/company/tomtom (+4)","https://nl.linkedin.com/company/tomtom","tomtom.com","tomtom.com",
"Fiori Technology Solutions Inc","Web Developer","United States (Remote)","","https://www.linkedin.com/jobs/view/3870557252/?eBP=NOT_ELIGIBLE_FOR_CHARGING&refId=W12djgi%2Fyqk3hOq1GoalfQ%3D%3D&trackingId=zP5TvAaZR5RK5vS6%2FkCRMQ%3D%3D&trk=flagship3_search_srp_jobs","https://www.linkedin.com/company/fiorit-technology-solutions (+4)","https://www.linkedin.com/company/fiorit-technology-solutions","No Result Found",,
"Gigster","* Associate Back-End Software Developer, Gigster Network","United States (Remote)","","https://www.linkedin.com/jobs/view/3870953349/?eBP=NOT_ELIGIBLE_FOR_CHARGING&refId=W12djgi%2Fyqk3hOq1GoalfQ%3D%3D&trackingId=byxVUKxgxilnmdqDHLzuMQ%3D%3D&trk=flagship3_search_srp_jobs","https://www.linkedin.com/company/gigster (+4)","https://www.linkedin.com/company/gigster","gigster.com","gigster.com",
"Deloitte","Contractor Applications Support Specialist (Remote)","New York, United States (Remote)","5 connections work here","https://www.linkedin.com/jobs/view/3871391593/?eBP=NOT_ELIGIBLE_FOR_CHARGING&refId=W12djgi%2Fyqk3hOq1GoalfQ%3D%3D&trackingId=h1BcUOfhA4iTuXPMumlFVQ%3D%3D&trk=flagship3_search_srp_jobs","https://www.linkedin.com/company/deloitte (+4)","https://www.linkedin.com/company/deloitte","deloitte.com","deloitte.com",
"JPMorgan Chase & Co.","Senior Manager of Software Engineering","Wilmington, DE","2 company alumni work here","https://www.linkedin.com/jobs/view/3866370320/?eBP=NOT_ELIGIBLE_FOR_CHARGING&refId=W12djgi%2Fyqk3hOq1GoalfQ%3D%3D&trackingId=Otw3M4ac%2FwlbvF7XLdGMyw%3D%3D&trk=flagship3_search_srp_jobs","https://www.linkedin.com/company/jpmorganchase (+4)","https://www.linkedin.com/company/jpmorganchase","jpmorganchase.com","jpmorganchase.com",
"Infosys","Lead Consultant","United States (Remote)","1 company alum works here","https://www.linkedin.com/jobs/view/3869976952/?eBP=NOT_ELIGIBLE_FOR_CHARGING&refId=W12djgi%2Fyqk3hOq1GoalfQ%3D%3D&trackingId=5IhccGf4OXvJlQUprDFR0g%3D%3D&trk=flagship3_search_srp_jobs","https://www.linkedin.com/company/infosys (+4)","https://www.linkedin.com/company/infosys","infosys.com","infosys.com",
"Capital One","Senior Software Engineer, Full Stack (Java, Go)","Richmond, VA","1 connection works here","https://www.linkedin.com/jobs/view/3871142157/?eBP=NOT_ELIGIBLE_FOR_CHARGING&refId=W12djgi%2Fyqk3hOq1GoalfQ%3D%3D&trackingId=AGi%2Fn2aoPDJfLMHf9svYBA%3D%3D&trk=flagship3_search_srp_jobs","https://www.linkedin.com/company/capital-one (+4)","https://www.linkedin.com/company/capital-one","capitalone.com","capitalone.com",
"ClearanceJobs","Digital Threads Integration Engineer with Security Clearance","Washington, DC","","https://www.linkedin.com/jobs/view/3874427366/?eBP=NOT_ELIGIBLE_FOR_CHARGING&refId=W12djgi%2Fyqk3hOq1GoalfQ%3D%3D&trackingId=HYgK3%2BMEwqxNCpAiUaOORg%3D%3D&trk=flagship3_search_srp_jobs","https://www.linkedin.com/company/clearancejobs (+4)","https://www.linkedin.com/company/clearancejobs","clearancejobs.com","clearancejobs.com",
"Applied Materials","Manufacturing Engineer I","Gloucester, MA (On-site)","1 school alum works here","https://www.linkedin.com/jobs/view/3869998367/?eBP=NOT_ELIGIBLE_FOR_CHARGING&refId=W12djgi%2Fyqk3hOq1GoalfQ%3D%3D&trackingId=z%2B3MCp3Vl97vkA3g%2FWqxig%3D%3D&trk=flagship3_search_srp_jobs","https://www.linkedin.com/company/applied-materials (+4)","https://www.linkedin.com/company/applied-materials","appliedmaterials.com","appliedmaterials.com",
"Jobot","Project Engineer - REMOTE!","Atlanta, GA (Remote)","","https://www.linkedin.com/jobs/view/3872957395/?eBP=NOT_ELIGIBLE_FOR_CHARGING&refId=W12djgi%2Fyqk3hOq1GoalfQ%3D%3D&trackingId=IL6j7FjqzuQ%2BNGfK3OPRLw%3D%3D&trk=flagship3_search_srp_jobs","https://www.linkedin.com/company/jobot (+4)","https://www.linkedin.com/company/jobot","jobot.com","jobot.com",
"Deltek","Sr. Project Manager Agile Software Development","United States (Remote)","1 school alum works here","https://www.linkedin.com/jobs/view/3868424847/?eBP=NOT_ELIGIBLE_FOR_CHARGING&refId=W12djgi%2Fyqk3hOq1GoalfQ%3D%3D&trackingId=vuttrK%2Bt%2BKWBXcyAW%2BgUug%3D%3D&trk=flagship3_search_srp_jobs","https://www.linkedin.com/company/deltek (+4)","https://www.linkedin.com/company/deltek","govwin.com","govwin.com",
"Codeworks IT Careers","Business Analyst","Wisconsin, United States (Remote)","","https://www.linkedin.com/jobs/view/3870542927/?eBP=NOT_ELIGIBLE_FOR_CHARGING&refId=W12djgi%2Fyqk3hOq1GoalfQ%3D%3D&trackingId=st8cvmfXGmCrRHIdEmiBog%3D%3D&trk=flagship3_search_srp_jobs","https://www.linkedin.com/company/codeworks-inc. (+4)","https://www.linkedin.com/company/codeworks-inc.","No Result Found",,
"Capgemini","*POSITION FILLED* Capgemini Invent - 2024 Campus, Associate Consultant","New York County, NY (On-site)","18 connections work here","https://www.linkedin.com/jobs/view/3871822117/?eBP=NOT_ELIGIBLE_FOR_CHARGING&refId=W12djgi%2Fyqk3hOq1GoalfQ%3D%3D&trackingId=TSOQEshVPBaOeZ%2B54pyhSw%3D%3D&trk=flagship3_search_srp_jobs","https://www.linkedin.com/company/capgemini (+4)","https://www.linkedin.com/company/capgemini","capgemini.com","capgemini.com",
"KLA","Summer Intern","Milpitas, CA","1 school alum works here","https://www.linkedin.com/jobs/view/3870287464/?eBP=NOT_ELIGIBLE_FOR_CHARGING&refId=W12djgi%2Fyqk3hOq1GoalfQ%3D%3D&trackingId=pAK43W3UWvsJETWlzbo%2BTw%3D%3D&trk=flagship3_search_srp_jobs","https://www.linkedin.com/company/klacorp (+4)","https://www.linkedin.com/company/klacorp","kla.com","kla.com",
"Actalent","Entry Level Engineer","Greensboro, NC (On-site)","1 school alum works here","https://www.linkedin.com/jobs/view/3874428320/?eBP=NOT_ELIGIBLE_FOR_CHARGING&refId=11Oc1mTeSBfFod2f7v0Hpw%3D%3D&trackingId=MwQQ8ODvOf24FujX71GiWA%3D%3D&trk=flagship3_search_srp_jobs","https://www.linkedin.com/company/actalentservices (+4)","https://www.linkedin.com/company/actalentservices","actalentservices.com","actalentservices.com",
"TEKsystems","Data Annotation Specialist","Palo Alto, CA (Hybrid)","1 connection works here","https://www.linkedin.com/jobs/view/3871742416/?eBP=NOT_ELIGIBLE_FOR_CHARGING&refId=11Oc1mTeSBfFod2f7v0Hpw%3D%3D&trackingId=URTc58IDeiO%2F9GyXKLxXKA%3D%3D&trk=flagship3_search_srp_jobs","https://www.linkedin.com/company/teksystems (+4)","https://www.linkedin.com/company/teksystems","teksystems.com","teksystems.com",
"BAE Systems, Inc.","Program Management Intern- Summer/Fall 2024","Sterling Heights, MI (On-site)","5 school alumni work here","https://www.linkedin.com/jobs/view/3875359305/?eBP=NOT_ELIGIBLE_FOR_CHARGING&refId=11Oc1mTeSBfFod2f7v0Hpw%3D%3D&trackingId=WzktPasKYx0hBgXi6G0NZg%3D%3D&trk=flagship3_search_srp_jobs","https://www.linkedin.com/company/baesystemsinc (+4)","https://www.linkedin.com/company/baesystemsinc","No Result Found",,
"AMERICAN EAGLE OUTFITTERS INC.","Summer 2024 - Global Buying Internship","New York, NY (Hybrid)","","https://www.linkedin.com/jobs/view/3872027783/?eBP=NOT_ELIGIBLE_FOR_CHARGING&refId=11Oc1mTeSBfFod2f7v0Hpw%3D%3D&trackingId=bo1q9RiVSWsZtdqJNOA%2B0Q%3D%3D&trk=flagship3_search_srp_jobs","undefined (+4)",,"No Result Found",,
"HNTB","Computer Science Intern - Summer 2024","Jacksonville, FL (On-site)","","https://www.linkedin.com/jobs/view/3872154174/?eBP=NOT_ELIGIBLE_FOR_CHARGING&refId=11Oc1mTeSBfFod2f7v0Hpw%3D%3D&trackingId=cmJITwgEV60ITYNDF1Ph7w%3D%3D&trk=flagship3_search_srp_jobs","https://www.linkedin.com/company/hntb (+4)","https://www.linkedin.com/company/hntb","hntb.com","hntb.com",
"HireTalent - Diversity Staffing & Recruiting Firm","Development Process Engineer #: 24-02079","Columbus, OH","2 connections work here","https://www.linkedin.com/jobs/view/3872557680/?eBP=NOT_ELIGIBLE_FOR_CHARGING&refId=11Oc1mTeSBfFod2f7v0Hpw%3D%3D&trackingId=EThtG%2B1dltNml2hwKKAXIw%3D%3D&trk=flagship3_search_srp_jobs","https://www.linkedin.com/company/hiretalent_ (+4)","https://www.linkedin.com/company/hiretalent_","No Result Found",,
"Franklin Energy","Data & Analytics Specialist – People and Culture (HR)","United States (Remote)","","https://www.linkedin.com/jobs/view/3875030128/?eBP=NOT_ELIGIBLE_FOR_CHARGING&refId=11Oc1mTeSBfFod2f7v0Hpw%3D%3D&trackingId=bnaKKWmf0V%2BYMcWj5B7kZg%3D%3D&trk=flagship3_search_srp_jobs","https://www.linkedin.com/company/franklin-energy-services (+4)","https://www.linkedin.com/company/franklin-energy-services","franklinenergy.com","franklinenergy.com",
"DXC Technology","Senior Assistant Customer Support","Oklahoma, United States (Remote)","3 connections work here","https://www.linkedin.com/jobs/view/3871304368/?eBP=NOT_ELIGIBLE_FOR_CHARGING&refId=x4EAWGPVnWHkqh2EiArAuQ%3D%3D&trackingId=hJ6pt%2Fw55p%2FIwMMTvhCbAw%3D%3D&trk=flagship3_search_srp_jobs","https://www.linkedin.com/company/dxctechnology (+4)","https://www.linkedin.com/company/dxctechnology","dxc.com","dxc.com",
"General Dynamics Electric Boat","Process Improvement Engineer (PMO)","Groton, CT (On-site)","","https://www.linkedin.com/jobs/view/3870053840/?eBP=NOT_ELIGIBLE_FOR_CHARGING&refId=x4EAWGPVnWHkqh2EiArAuQ%3D%3D&trackingId=Mp%2FC9Q6CHzsApAkr4sSY%2FQ%3D%3D&trk=flagship3_search_srp_jobs","https://www.linkedin.com/company/electric-boat (+4)","https://www.linkedin.com/company/electric-boat","No Result Found",,
"TD","Head of Process Re-engineering","Pottstown, PA (Hybrid)","3 connections work here","https://www.linkedin.com/jobs/view/3872546337/?eBP=NOT_ELIGIBLE_FOR_CHARGING&refId=x4EAWGPVnWHkqh2EiArAuQ%3D%3D&trackingId=adg7O1xIY%2F2gMFJaSZtqSA%3D%3D&trk=flagship3_search_srp_jobs","undefined (+4)",,"td.com","td.com",
"Advanced Pressure Systems","Manufacturing Engineer","Tomball, TX (On-site)","","https://www.linkedin.com/jobs/view/3872602807/?eBP=NOT_ELIGIBLE_FOR_CHARGING&refId=x4EAWGPVnWHkqh2EiArAuQ%3D%3D&trackingId=6huaVxTaqtCbYpFrbKlD7Q%3D%3D&trk=flagship3_search_srp_jobs","https://www.linkedin.com/company/advanced-pressure-systems (+4)","https://www.linkedin.com/company/advanced-pressure-systems","advancedpressuresystems.com","advancedpressuresystems.com",
"Colas USA","Project Engineer - Entry Level Rotation Program (Opportunities Available Nationally)","United States (Remote)","Response time is typically 1 day","https://www.linkedin.com/jobs/view/3869684071/?eBP=NOT_ELIGIBLE_FOR_CHARGING&refId=x4EAWGPVnWHkqh2EiArAuQ%3D%3D&trackingId=ouQLLCiRHMZmSViI6Tg%2B3g%3D%3D&trk=flagship3_search_srp_jobs","undefined (+4)",,"colasusa.com","colasusa.com",
"Jobot Consulting","CA Clarity PPM - SME - Remote","New York, NY (Remote)","","https://www.linkedin.com/jobs/view/3870536508/?eBP=NOT_ELIGIBLE_FOR_CHARGING&refId=x4EAWGPVnWHkqh2EiArAuQ%3D%3D&trackingId=07WzLEq5YtmJCrtjrHWkUg%3D%3D&trk=flagship3_search_srp_jobs","https://www.linkedin.com/company/jobot-consulting (+4)","https://www.linkedin.com/company/jobot-consulting","No Result Found",,
"Onit","Project Manager","Houston, TX (Hybrid)","","https://www.linkedin.com/jobs/view/3866355138/?eBP=NOT_ELIGIBLE_FOR_CHARGING&refId=W9h8a6UMNKd5oErp2TyYpQ%3D%3D&trackingId=1%2BEyA2AhGn05Gi9JUcb0Qg%3D%3D&trk=flagship3_search_srp_jobs","https://www.linkedin.com/company/onit (+4)","https://www.linkedin.com/company/onit","onit.com","onit.com",
"STV","Electrical Engineering Intern - Summer 2024","Boston, MA (On-site)","","https://www.linkedin.com/jobs/view/3872582126/?eBP=NOT_ELIGIBLE_FOR_CHARGING&refId=W9h8a6UMNKd5oErp2TyYpQ%3D%3D&trackingId=te8iYraULFCYqmOWQtYGtQ%3D%3D&trk=flagship3_search_srp_jobs","https://www.linkedin.com/company/stv (+4)","https://www.linkedin.com/company/stv","stv.tv","stv.tv",
"Ellucian","Senior Banner Student Consultant (REMOTE)","United States (Remote)","","https://www.linkedin.com/jobs/view/3874684357/?eBP=NOT_ELIGIBLE_FOR_CHARGING&refId=W9h8a6UMNKd5oErp2TyYpQ%3D%3D&trackingId=V3RtJgMH1aMg0vu4a9mymw%3D%3D&trk=flagship3_search_srp_jobs","https://www.linkedin.com/company/ellucian (+4)","https://www.linkedin.com/company/ellucian","ellucian.com","ellucian.com",
"Brooks Automation","Quality Engineer Intern for Summer 2024","Chelmsford, MA (On-site)","","https://www.linkedin.com/jobs/view/3871636037/?eBP=NOT_ELIGIBLE_FOR_CHARGING&refId=W9h8a6UMNKd5oErp2TyYpQ%3D%3D&trackingId=rWzT2TWV2kJxDzsaQLweWQ%3D%3D&trk=flagship3_search_srp_jobs","https://www.linkedin.com/company/brooks-automation (+4)","https://www.linkedin.com/company/brooks-automation","brooks.com","brooks.com",
"Dexian Inc","Java Full stack Developer","Kennesaw, GA (Hybrid)","","https://www.linkedin.com/jobs/view/3870060079/?eBP=NOT_ELIGIBLE_FOR_CHARGING&refId=W9h8a6UMNKd5oErp2TyYpQ%3D%3D&trackingId=5rw8uu5GsnyXtKZA1uLWBg%3D%3D&trk=flagship3_search_srp_jobs","https://www.linkedin.com/company/dexiansolutions (+4)","https://www.linkedin.com/company/dexiansolutions","No Result Found",,
"Santander Private Banking International","Intern - Summer","Miami, FL (On-site)","","https://www.linkedin.com/jobs/view/3870815008/?eBP=NOT_ELIGIBLE_FOR_CHARGING&refId=W9h8a6UMNKd5oErp2TyYpQ%3D%3D&trackingId=R3sr5skdaejBin35ceo1AQ%3D%3D&trk=flagship3_search_srp_jobs","https://www.linkedin.com/company/santander-private-banking-international (+4)","https://www.linkedin.com/company/santander-private-banking-international","No Result Found",,
"Sonatype","Customer Success Program Manager","United States (Remote)","","https://www.linkedin.com/jobs/view/3868824731/?eBP=NOT_ELIGIBLE_FOR_CHARGING&refId=X6THY4oR2qpbTvx95xlm%2Bw%3D%3D&trackingId=P9jHgKlb%2FnIdyf1js%2Bd9SQ%3D%3D&trk=flagship3_search_srp_jobs","undefined (+4)",,"sonatype.com","sonatype.com",
"CNH Industrial","Senior Technical Product Manager – Remote Software Support Tools","United States (Remote)","3 school alumni work here","https://www.linkedin.com/jobs/view/3874430899/?eBP=NOT_ELIGIBLE_FOR_CHARGING&refId=X6THY4oR2qpbTvx95xlm%2Bw%3D%3D&trackingId=KOs%2BeN56KZRvchQ56i2bUA%3D%3D&trk=flagship3_search_srp_jobs","https://uk.linkedin.com/company/cnh (+4)","https://uk.linkedin.com/company/cnh","cnh.com","cnh.com",
"HireMeFast LLC","Frontend Engineer (JavaScript/HTML/CSS)","Newark, NJ (Remote)","","https://www.linkedin.com/jobs/view/3874615596/?eBP=NOT_ELIGIBLE_FOR_CHARGING&refId=X6THY4oR2qpbTvx95xlm%2Bw%3D%3D&trackingId=RyRICV09UJRPcRV%2BMZWFUw%3D%3D&trk=flagship3_search_srp_jobs","https://www.linkedin.com/jobs/view/junior-recruiter-at-hiremefast-llc-3879578216 (+4)","https://www.linkedin.com/jobs/view/junior-recruiter-at-hiremefast-llc-3879578216","No Result Found",,
"Amazon","Process Engineer, Amazon","Seattle, WA","15 connections work here","https://www.linkedin.com/jobs/view/3870708151/?eBP=NOT_ELIGIBLE_FOR_CHARGING&refId=ImAuOly8WcH7BGS%2BLP9lrw%3D%3D&trackingId=WNBLlduhAea%2Fp5kYBgOfdg%3D%3D&trk=flagship3_search_srp_jobs","https://www.linkedin.com/company/amazon (+4)","https://www.linkedin.com/company/amazon","amazon.com","amazon.com",
"Webologix Ltd/ INC","CAMUNDA 8 ADMIN","United States (Remote)","","https://www.linkedin.com/jobs/view/3875070989/?eBP=NOT_ELIGIBLE_FOR_CHARGING&refId=ImAuOly8WcH7BGS%2BLP9lrw%3D%3D&trackingId=2cxumtoTO2ybPe3oFZNKNg%3D%3D&trk=flagship3_search_srp_jobs","https://uk.linkedin.com/company/webologix (+4)","https://uk.linkedin.com/company/webologix","No Result Found",,
"Hopprz","Prompt Engineer","United States (Remote)","","https://www.linkedin.com/jobs/view/3871287875/?eBP=NOT_ELIGIBLE_FOR_CHARGING&refId=ImAuOly8WcH7BGS%2BLP9lrw%3D%3D&trackingId=fVhdbxjqRngfNxlrC0BPvQ%3D%3D&trk=flagship3_search_srp_jobs","https://www.linkedin.com/company/hopper (+4)","https://www.linkedin.com/company/hopper","hopprz.com","hopprz.com",
"COLSA","Summer Intern","Huntsville, AL (On-site)","","https://www.linkedin.com/jobs/view/3872603140/?eBP=NOT_ELIGIBLE_FOR_CHARGING&refId=ImAuOly8WcH7BGS%2BLP9lrw%3D%3D&trackingId=QvnUN6tksb%2FvkCPZ0Y1u7Q%3D%3D&trk=flagship3_search_srp_jobs","https://www.linkedin.com/company/colsa (+4)","https://www.linkedin.com/company/colsa","colsa.com","colsa.com",
"General Atomics","Structural Test Engineer","Adelanto, CA (On-site)","","https://www.linkedin.com/jobs/view/3870389602/?eBP=NOT_ELIGIBLE_FOR_CHARGING&refId=ImAuOly8WcH7BGS%2BLP9lrw%3D%3D&trackingId=NO%2BBGtBLwb2JEcFwQc0AFg%3D%3D&trk=flagship3_search_srp_jobs","https://www.linkedin.com/company/general-atomics (+4)","https://www.linkedin.com/company/general-atomics","ga.com","ga.com",
"Team Remotely Inc","Junior Frontend Engineer (JavaScript/HTML/CSS)","Houston, TX (Remote)","","https://www.linkedin.com/jobs/view/3875015507/?eBP=NOT_ELIGIBLE_FOR_CHARGING&refId=ImAuOly8WcH7BGS%2BLP9lrw%3D%3D&trackingId=sjQO8beOx0OLKu53a%2FO37Q%3D%3D&trk=flagship3_search_srp_jobs","https://www.linkedin.com/company/team-remotely-llc (+4)","https://www.linkedin.com/company/team-remotely-llc","No Result Found",,
"Eulerity","Associate Product Manager","New York, NY","","https://www.linkedin.com/jobs/view/3866187691/?eBP=NOT_ELIGIBLE_FOR_CHARGING&refId=ImAuOly8WcH7BGS%2BLP9lrw%3D%3D&trackingId=RVqaLIJ3atgBZsra539wow%3D%3D&trk=flagship3_search_srp_jobs","https://www.linkedin.com/company/eulerity (+4)","https://www.linkedin.com/company/eulerity","eulerity.com","eulerity.com",
"GHD","Entry Level Civil Engineer","Houston, TX","3 school alumni work here","https://www.linkedin.com/jobs/view/3875388806/?eBP=NOT_ELIGIBLE_FOR_CHARGING&refId=1JEkSTuh07fEJ7HsikfdZQ%3D%3D&trackingId=Xz%2BVadurmo%2BQEd25hhMw4A%3D%3D&trk=flagship3_search_srp_jobs","https://au.linkedin.com/company/ghd (+4)","https://au.linkedin.com/company/ghd","ghd.com","ghd.com",
"Humana","Intern - PPNO (Business Analytics)","Louisville, KY (On-site)","","https://www.linkedin.com/jobs/view/3870548874/?eBP=NOT_ELIGIBLE_FOR_CHARGING&refId=1JEkSTuh07fEJ7HsikfdZQ%3D%3D&trackingId=pxD1QqlfRyE3WJQj%2Bk6JxA%3D%3D&trk=flagship3_search_srp_jobs","https://www.linkedin.com/company/humana (+4)","https://www.linkedin.com/company/humana","humana.com","humana.com",
"E-talentnetwork","Full stack Java Developer","Washington Highlands, MD (On-site)","","https://www.linkedin.com/jobs/view/3870020625/?eBP=NOT_ELIGIBLE_FOR_CHARGING&refId=1JEkSTuh07fEJ7HsikfdZQ%3D%3D&trackingId=YGSwHa94K%2BAqPuRyEr%2FNwA%3D%3D&trk=flagship3_search_srp_jobs","https://www.linkedin.com/company/e-talentnetwork (+4)","https://www.linkedin.com/company/e-talentnetwork","etalentnetwork.com","etalentnetwork.com",
"Bloomerang","Implementation Engineer","Indianapolis, IN (Remote)","","https://www.linkedin.com/jobs/view/3870956232/?eBP=NOT_ELIGIBLE_FOR_CHARGING&refId=1JEkSTuh07fEJ7HsikfdZQ%3D%3D&trackingId=0YtPuSb9c5RwCTTEb1yGWg%3D%3D&trk=flagship3_search_srp_jobs","https://www.linkedin.com/company/bloomerang (+4)","https://www.linkedin.com/company/bloomerang","bloomerang.co","bloomerang.co",
"Meta","Product Design Engineer (University Grad)","Sunnyvale, CA","26 school alumni work here","https://www.linkedin.com/jobs/view/3871815043/?eBP=NOT_ELIGIBLE_FOR_CHARGING&refId=HVh%2FWjXJfhJtaxrW0K%2Bzkw%3D%3D&trackingId=6zqC8ETgCF1vwp1o3VQuMA%3D%3D&trk=flagship3_search_srp_jobs","https://www.linkedin.com/company/meta (+4)","https://www.linkedin.com/company/meta","metacareers.com","metacareers.com",
"Shape Technologies Group","Manufacturing Engineer","Tomball, TX (On-site)","","https://www.linkedin.com/jobs/view/3870362141/?eBP=NOT_ELIGIBLE_FOR_CHARGING&refId=HVh%2FWjXJfhJtaxrW0K%2Bzkw%3D%3D&trackingId=%2BIf%2BxLtuBBrmLlVYz%2FtX1A%3D%3D&trk=flagship3_search_srp_jobs","https://www.linkedin.com/company/shape-technologies-group (+4)","https://www.linkedin.com/company/shape-technologies-group","No Result Found",,
"Societe Generale","VIE Analyst M&A","New York, United States (Hybrid)","2 school alumni work here","https://www.linkedin.com/jobs/view/3875356439/?eBP=NOT_ELIGIBLE_FOR_CHARGING&refId=HVh%2FWjXJfhJtaxrW0K%2Bzkw%3D%3D&trackingId=rmC0oplUTGCsiWf4MbYrTQ%3D%3D&trk=flagship3_search_srp_jobs","https://www.linkedin.com/company/societe-generale (+4)","https://www.linkedin.com/company/societe-generale","societegenerale.cn","societegenerale.cn",
"Verdant Infotech Solutions","JavaScript Developer","Copper Canyon, TX (On-site)","","https://www.linkedin.com/jobs/view/3870024155/?eBP=NOT_ELIGIBLE_FOR_CHARGING&refId=HVh%2FWjXJfhJtaxrW0K%2Bzkw%3D%3D&trackingId=buEyZVnosRbElXHgFSJLMw%3D%3D&trk=flagship3_search_srp_jobs","https://www.linkedin.com/company/verdant-infotech (+4)","https://www.linkedin.com/company/verdant-infotech","No Result Found",,
"Patterned Learning Career","QA Assurance Analyst","Los Angeles, CA (Remote)","","https://www.linkedin.com/jobs/view/3875019029/?eBP=NOT_ELIGIBLE_FOR_CHARGING&refId=HVh%2FWjXJfhJtaxrW0K%2Bzkw%3D%3D&trackingId=gt2%2FuSVsdgnlRhP8fYVb4w%3D%3D&trk=flagship3_search_srp_jobs","https://www.linkedin.com/jobs/view/website-developer-at-patterned-learning-career-3884360877 (+4)","https://www.linkedin.com/jobs/view/website-developer-at-patterned-learning-career-3884360877","No Result Found",,
"Abbott","2024 IT Intern","Waukegan, IL","11 school alumni work here","https://www.linkedin.com/jobs/view/3874264304/?eBP=NOT_ELIGIBLE_FOR_CHARGING&refId=ojeoPosm6fCbKOXrcWq8Iw%3D%3D&trackingId=CznplhnexThP7CIskLEn7Q%3D%3D&trk=flagship3_search_srp_jobs","https://www.linkedin.com/company/abbott- (+4)","https://www.linkedin.com/company/abbott-","abbott.com","abbott.com",
"NVIDIA","Senior Thermal Manufacturing Engineer","Santa Clara, CA","1 connection works here","https://www.linkedin.com/jobs/view/3870192144/?eBP=NOT_ELIGIBLE_FOR_CHARGING&refId=ojeoPosm6fCbKOXrcWq8Iw%3D%3D&trackingId=wopfUpuYfCj5G5PmhVjqug%3D%3D&trk=flagship3_search_srp_jobs","https://www.linkedin.com/company/nvidia (+4)","https://www.linkedin.com/company/nvidia","nvidia.com","nvidia.com",
"Charles River Associates","Consulting Associate/eDiscovery (Forensic Services practice","Chicago, IL (On-site)","","https://www.linkedin.com/jobs/view/3872186749/?eBP=NOT_ELIGIBLE_FOR_CHARGING&refId=ojeoPosm6fCbKOXrcWq8Iw%3D%3D&trackingId=vg066mVlxkod6MsJ4bV4Cg%3D%3D&trk=flagship3_search_srp_jobs","https://www.linkedin.com/company/charles-river-associates (+4)","https://www.linkedin.com/company/charles-river-associates","crai.com","crai.com",
"Leadenhall Search & Selection","Senior Consultant - Engineering degree required","New York, NY (Hybrid)","","https://www.linkedin.com/jobs/view/3869629980/?eBP=NOT_ELIGIBLE_FOR_CHARGING&refId=ojeoPosm6fCbKOXrcWq8Iw%3D%3D&trackingId=9OBnb5SPFRbE0aLVEcq7Lg%3D%3D&trk=flagship3_search_srp_jobs","https://uk.linkedin.com/company/leadenhallsearch (+4)","https://uk.linkedin.com/company/leadenhallsearch","No Result Found",,
"Infor","Development Intern","United States (Remote)","1 connection works here","https://www.linkedin.com/jobs/view/3869795658/?eBP=NOT_ELIGIBLE_FOR_CHARGING&refId=ojeoPosm6fCbKOXrcWq8Iw%3D%3D&trackingId=TjiKau3SXtDFHfi74a9RIA%3D%3D&trk=flagship3_search_srp_jobs","undefined (+4)",,"infor.com","infor.com",
"Mayo Clinic","Intern - Grad Kern Remote","Minnesota, United States (Remote)","","https://www.linkedin.com/jobs/view/3869963511/?eBP=NOT_ELIGIBLE_FOR_CHARGING&refId=ojeoPosm6fCbKOXrcWq8Iw%3D%3D&trackingId=mlivZ1Lfzy1M63Q9PcO44A%3D%3D&trk=flagship3_search_srp_jobs","https://www.linkedin.com/company/mayo-clinic (+4)","https://www.linkedin.com/company/mayo-clinic","mayoclinic.org","mayoclinic.org",
"EdgeConneX","Data Center Engineering, Build and Operations Intern","Herndon, VA (Hybrid)","","https://www.linkedin.com/jobs/view/3869663866/?eBP=NOT_ELIGIBLE_FOR_CHARGING&refId=ojeoPosm6fCbKOXrcWq8Iw%3D%3D&trackingId=NfBwyuqJ5nfRPYi%2BK4vNxA%3D%3D&trk=flagship3_search_srp_jobs","https://www.linkedin.com/company/edgeconnex (+4)","https://www.linkedin.com/company/edgeconnex","edgeconnex.com","edgeconnex.com",
"General Dynamics Land Systems","Summer Intern - Logistics Product Engineer","Sterling Heights, MI (On-site)","","https://www.linkedin.com/jobs/view/3875368596/?eBP=NOT_ELIGIBLE_FOR_CHARGING&refId=ojeoPosm6fCbKOXrcWq8Iw%3D%3D&trackingId=OYyltwy%2BiuKLqaHqX3RF6Q%3D%3D&trk=flagship3_search_srp_jobs","https://www.linkedin.com/company/generaldynamicslandsystems (+4)","https://www.linkedin.com/company/generaldynamicslandsystems","gdls.com","gdls.com",
"Apex Systems","Oracle EBS & Advanced Benefits Module SME","United States (Remote)","1 connection works here","https://www.linkedin.com/jobs/view/3871236798/?eBP=NOT_ELIGIBLE_FOR_CHARGING&refId=HCXHj114yLY9LYJl%2ByiWvw%3D%3D&trackingId=vM4UA4xIphEVSu3BOfcbMQ%3D%3D&trk=flagship3_search_srp_jobs","https://www.linkedin.com/company/apex-systems (+4)","https://www.linkedin.com/company/apex-systems","apexsystems.com","apexsystems.com",
"General Dynamics Ordnance and Tactical Systems","Manufacturing Engineer II","Lincoln, NE (On-site)","","https://www.linkedin.com/jobs/view/3869790858/?eBP=NOT_ELIGIBLE_FOR_CHARGING&refId=HCXHj114yLY9LYJl%2ByiWvw%3D%3D&trackingId=MIOdBiHozSPhexu%2BiKo3sg%3D%3D&trk=flagship3_search_srp_jobs","undefined (+4)",,"gd-ots.com","gd-ots.com",
"General Motors","Global Market Research - Market Research Analyst","Warren, MI (Hybrid)","1 school alum works here","https://www.linkedin.com/jobs/view/3871932552/?eBP=NOT_ELIGIBLE_FOR_CHARGING&refId=HCXHj114yLY9LYJl%2ByiWvw%3D%3D&trackingId=FSL%2Fskz97nmfdrJ%2BDCKevg%3D%3D&trk=flagship3_search_srp_jobs","https://www.linkedin.com/company/general-motors (+4)","https://www.linkedin.com/company/general-motors","gm.com","gm.com",
"Concentrix","Outbound Sales Representative (On-Site)","Hickory, NC (On-site)","7 connections work here","https://www.linkedin.com/jobs/view/3869974844/?eBP=NOT_ELIGIBLE_FOR_CHARGING&refId=HCXHj114yLY9LYJl%2ByiWvw%3D%3D&trackingId=4X9%2BTkRvL%2FSwy8ayJ1Q6EA%3D%3D&trk=flagship3_search_srp_jobs","https://www.linkedin.com/company/concentrix (+4)","https://www.linkedin.com/company/concentrix","concentrix.com","concentrix.com",
"Ramboll","Internship - Industrial Wastewater Engineer","Brentwood, TN (On-site)","8 school alumni work here","https://www.linkedin.com/jobs/view/3869839011/?eBP=NOT_ELIGIBLE_FOR_CHARGING&refId=HCXHj114yLY9LYJl%2ByiWvw%3D%3D&trackingId=SHIcSixfkpAiYtAzRRP1TA%3D%3D&trk=flagship3_search_srp_jobs","https://www.linkedin.com/company/ramboll (+4)","https://www.linkedin.com/company/ramboll","ramboll.com","ramboll.com",
"DriveTime","Process Engineer Intern (Summer 2024)","Dallas, TX","","https://www.linkedin.com/jobs/view/3872830847/?eBP=NOT_ELIGIBLE_FOR_CHARGING&refId=BL%2Fu053Q7GKsX2sUmxi%2FzA%3D%3D&trackingId=t6HmdI863hgH7Yk8kQ%2BJog%3D%3D&trk=flagship3_search_srp_jobs","https://www.linkedin.com/company/drivetime (+4)","https://www.linkedin.com/company/drivetime","drivetime.com","drivetime.com",
"General Dynamics Mission Systems","Intern Engineer","Scottsdale, AZ (Hybrid)","","https://www.linkedin.com/jobs/view/3872813210/?eBP=NOT_ELIGIBLE_FOR_CHARGING&refId=BL%2Fu053Q7GKsX2sUmxi%2FzA%3D%3D&trackingId=52VL2Uwf9JD%2B7v11gT6e%2Fg%3D%3D&trk=flagship3_search_srp_jobs","https://www.linkedin.com/company/gdms (+4)","https://www.linkedin.com/company/gdms","gdmissionsystems.com","gdmissionsystems.com",
"NOVA Engineering and Environmental, LLC","Entry-level Structural Engineer (Forensics)","Buford, GA (On-site)","","https://www.linkedin.com/jobs/view/3873357662/?eBP=NOT_ELIGIBLE_FOR_CHARGING&refId=BL%2Fu053Q7GKsX2sUmxi%2FzA%3D%3D&trackingId=E1az1YrdMGbWIFsdzd4G9w%3D%3D&trk=flagship3_search_srp_jobs","https://www.linkedin.com/company/nova-engineering-and-environmental-llc (+4)","https://www.linkedin.com/company/nova-engineering-and-environmental-llc","No Result Found",,
"Public Service Commission of the District of Columbia","Summer Intern (Energy Regulation)","Washington, DC (Hybrid)","","https://www.linkedin.com/jobs/view/3871107966/?eBP=NOT_ELIGIBLE_FOR_CHARGING&refId=BL%2Fu053Q7GKsX2sUmxi%2FzA%3D%3D&trackingId=UtU%2BjUchl3URxrwGcnG5hA%3D%3D&trk=flagship3_search_srp_jobs","https://www.linkedin.com/company/dcpsc (+4)","https://www.linkedin.com/company/dcpsc","No Result Found",,
"SCALE Healthcare","Associate Consultant","United States (Remote)","","https://www.linkedin.com/jobs/view/3871157068/?eBP=NOT_ELIGIBLE_FOR_CHARGING&refId=QNwn3wfPKI6gBwAeetiFag%3D%3D&trackingId=3%2Fs4YAU6bCES5a7KPEhd7g%3D%3D&trk=flagship3_search_srp_jobs","https://www.linkedin.com/company/scalehealthcare (+4)","https://www.linkedin.com/company/scalehealthcare","scale-healthcare.com","scale-healthcare.com",
"Johnson & Johnson","IT Intern","Danvers, MA (On-site)","26 school alumni work here","https://www.linkedin.com/jobs/view/3873303721/?eBP=NOT_ELIGIBLE_FOR_CHARGING&refId=QNwn3wfPKI6gBwAeetiFag%3D%3D&trackingId=osTBzkAxkZInv5D%2BgQdRmQ%3D%3D&trk=flagship3_search_srp_jobs","https://www.linkedin.com/company/johnson-&-johnson (+4)","https://www.linkedin.com/company/johnson-&-johnson","jnj.com","jnj.com",
"Heil Environmental","Manufacturing Engineer Intern, Heil Environmental f827","Fort Payne, AL (On-site)","","https://www.linkedin.com/jobs/view/3872564159/?eBP=NOT_ELIGIBLE_FOR_CHARGING&refId=QNwn3wfPKI6gBwAeetiFag%3D%3D&trackingId=EC%2BoYNKHptxAforcHNBv%2BQ%3D%3D&trk=flagship3_search_srp_jobs","https://www.linkedin.com/company/heil-environmental (+4)","https://www.linkedin.com/company/heil-environmental","heil.com","heil.com",
"American Express","Database Administrator for Postgres","Phoenix, AZ (Hybrid)","1 connection works here","https://www.linkedin.com/jobs/view/3870378809/?eBP=NOT_ELIGIBLE_FOR_CHARGING&refId=ozNpjKjRZn%2FhOhgvoUCvtQ%3D%3D&trackingId=OGeaAVjiDBOyelS8zGz2LQ%3D%3D&trk=flagship3_search_srp_jobs","https://www.linkedin.com/company/american-express (+4)","https://www.linkedin.com/company/american-express","americanexpress.com","americanexpress.com",
"Crypto Talent","Open Application","United States (Remote)","","https://www.linkedin.com/jobs/view/3874489315/?eBP=NOT_ELIGIBLE_FOR_CHARGING&refId=ozNpjKjRZn%2FhOhgvoUCvtQ%3D%3D&trackingId=TAvk5MZLyOOAhnVziAMp6g%3D%3D&trk=flagship3_search_srp_jobs","https://www.linkedin.com/company/web3ct (+4)","https://www.linkedin.com/company/web3ct","cryptotalent.com","cryptotalent.com",
"Wells Fargo","Quality Assurance Tester (contract)","Charlotte, NC","4 connections work here","https://www.linkedin.com/jobs/view/3871581210/?eBP=NOT_ELIGIBLE_FOR_CHARGING&refId=ozNpjKjRZn%2FhOhgvoUCvtQ%3D%3D&trackingId=OHCNXQQaiRYCvMcGUMbEPQ%3D%3D&trk=flagship3_search_srp_jobs","https://www.linkedin.com/company/wellsfargo (+4)","https://www.linkedin.com/company/wellsfargo","wellsfargo.com","wellsfargo.com",
"Reinsurance Group of America, Incorporated","Help Desk Intern","Chesterfield, MO (On-site)","1 school alum works here","https://www.linkedin.com/jobs/view/3870940935/?eBP=NOT_ELIGIBLE_FOR_CHARGING&refId=ozNpjKjRZn%2FhOhgvoUCvtQ%3D%3D&trackingId=DW77IpGh6kwL7jaX%2Bpf4Qw%3D%3D&trk=flagship3_search_srp_jobs","https://www.linkedin.com/company/rga-reinsurance-group-of-america-incorporated (+4)","https://www.linkedin.com/company/rga-reinsurance-group-of-america-incorporated","rgare.com","rgare.com",
"Info Way Solutions","Python Data Engineer","Fremont, CA (On-site)","","https://www.linkedin.com/jobs/view/3870024860/?eBP=NOT_ELIGIBLE_FOR_CHARGING&refId=ozNpjKjRZn%2FhOhgvoUCvtQ%3D%3D&trackingId=s%2FchZCXUfdK2F1k5CzvJMw%3D%3D&trk=flagship3_search_srp_jobs","https://www.linkedin.com/company/infoway-solutions (+4)","https://www.linkedin.com/company/infoway-solutions","infowaygroup.com","infowaygroup.com",
"INSPYR Solutions","OneTrust Support Engineer - Long Term Project - Remote (US/PST)","Los Angeles Metropolitan Area (Remote)","","https://www.linkedin.com/jobs/view/3870356705/?eBP=NOT_ELIGIBLE_FOR_CHARGING&refId=VWZsgdGL1knhIkm%2FPIbFsA%3D%3D&trackingId=k%2FRVVyESWh%2F7fg%2FXLKzSQg%3D%3D&trk=flagship3_search_srp_jobs","https://www.linkedin.com/company/inspyrsolutions (+4)","https://www.linkedin.com/company/inspyrsolutions","inspyrsolutions.com","inspyrsolutions.com",
"Coherent Corp.","Intern - Optical Fabrication","Saxonburg, PA (On-site)","","https://www.linkedin.com/jobs/view/3872585243/?eBP=NOT_ELIGIBLE_FOR_CHARGING&refId=VWZsgdGL1knhIkm%2FPIbFsA%3D%3D&trackingId=37vDXrEuG4Rd%2F5zSgJoHbw%3D%3D&trk=flagship3_search_srp_jobs","https://www.linkedin.com/company/coherent-corp (+4)","https://www.linkedin.com/company/coherent-corp","No Result Found",,